protein	id	evalue	score
NZ_KB908463.1$~&Oceanimonas$~&smirnovii$~&ATCC$~&BAA-899$~&G364DRAFT_scaffold00010.10,$~&whole$~&genome$~&shotgun$~&sequence_fragment_1_1	VOG10319	1e-87	284.9
NZ_KB908463.1$~&Oceanimonas$~&smirnovii$~&ATCC$~&BAA-899$~&G364DRAFT_scaffold00010.10,$~&whole$~&genome$~&shotgun$~&sequence_fragment_1_7	VOG03140	1.2e-21	65.8
NZ_KB908470.1$~&Oceanimonas$~&smirnovii$~&ATCC$~&BAA-899$~&G364DRAFT_scaffold00017.17,$~&whole$~&genome$~&shotgun$~&sequence_fragment_1_77	VOG00340	6.3e-16	48.2
NZ_KB908476.1$~&Oceanimonas$~&smirnovii$~&ATCC$~&BAA-899$~&G364DRAFT_scaffold00023.23,$~&whole$~&genome$~&shotgun$~&sequence_12	VOG00074	5.6e-87	283.3
NZ_KB908469.1$~&Oceanimonas$~&smirnovii$~&ATCC$~&BAA-899$~&G364DRAFT_scaffold00016.16,$~&whole$~&genome$~&shotgun$~&sequence_fragment_1_17	VOG00041	1.3e-50	164.3
NZ_KB908475.1$~&Oceanimonas$~&smirnovii$~&ATCC$~&BAA-899$~&G364DRAFT_scaffold00022.22,$~&whole$~&genome$~&shotgun$~&sequence_fragment_1_13	VOG04735	3.7e-39	126.2
NZ_KB908475.1$~&Oceanimonas$~&smirnovii$~&ATCC$~&BAA-899$~&G364DRAFT_scaffold00022.22,$~&whole$~&genome$~&shotgun$~&sequence_fragment_1_10	VOG00069	9.8e-25	78.9
NZ_KB908469.1$~&Oceanimonas$~&smirnovii$~&ATCC$~&BAA-899$~&G364DRAFT_scaffold00016.16,$~&whole$~&genome$~&shotgun$~&sequence_fragment_1_3	VOG01470	6.8e-20	62.4
NZ_KB908469.1$~&Oceanimonas$~&smirnovii$~&ATCC$~&BAA-899$~&G364DRAFT_scaffold00016.16,$~&whole$~&genome$~&shotgun$~&sequence_fragment_1_8	VOG00171	1.6e-18	58.4
NZ_KB908475.1$~&Oceanimonas$~&smirnovii$~&ATCC$~&BAA-899$~&G364DRAFT_scaffold00022.22,$~&whole$~&genome$~&shotgun$~&sequence_fragment_1_16	VOG01774	2.5e-14	43.9
NZ_KB908469.1$~&Oceanimonas$~&smirnovii$~&ATCC$~&BAA-899$~&G364DRAFT_scaffold00016.16,$~&whole$~&genome$~&shotgun$~&sequence_fragment_1_20	VOG00041	3.2e-14	44.7
NZ_KB908475.1$~&Oceanimonas$~&smirnovii$~&ATCC$~&BAA-899$~&G364DRAFT_scaffold00022.22,$~&whole$~&genome$~&shotgun$~&sequence_fragment_1_12	VOG00055	2.2e-13	42.1
NZ_KB908461.1$~&Oceanimonas$~&smirnovii$~&ATCC$~&BAA-899$~&G364DRAFT_scaffold00008.8,$~&whole$~&genome$~&shotgun$~&sequence_fragment_1_35	VOG11028	8.199999999999999e-105	341.3
NZ_KB908461.1$~&Oceanimonas$~&smirnovii$~&ATCC$~&BAA-899$~&G364DRAFT_scaffold00008.8,$~&whole$~&genome$~&shotgun$~&sequence_fragment_1_39	VOG03082	2.3999999999999996e-53	170.9
NZ_KB908461.1$~&Oceanimonas$~&smirnovii$~&ATCC$~&BAA-899$~&G364DRAFT_scaffold00008.8,$~&whole$~&genome$~&shotgun$~&sequence_fragment_1_32	VOG05860	7.9e-36	113.8
NZ_KB908464.1$~&Oceanimonas$~&smirnovii$~&ATCC$~&BAA-899$~&G364DRAFT_scaffold00011.11,$~&whole$~&genome$~&shotgun$~&sequence_fragment_1_45	VOG00654	1.9e-15	47.0
NZ_KB908455.1$~&Oceanimonas$~&smirnovii$~&ATCC$~&BAA-899$~&G364DRAFT_scaffold00002.2,$~&whole$~&genome$~&shotgun$~&sequence_fragment_3_216	VOG00125	9.8e-240	791.4
NZ_KB908455.1$~&Oceanimonas$~&smirnovii$~&ATCC$~&BAA-899$~&G364DRAFT_scaffold00002.2,$~&whole$~&genome$~&shotgun$~&sequence_fragment_3_231	VOG01666	3.4000000000000003e-106	348.4
NZ_KB908455.1$~&Oceanimonas$~&smirnovii$~&ATCC$~&BAA-899$~&G364DRAFT_scaffold00002.2,$~&whole$~&genome$~&shotgun$~&sequence_fragment_3_261	VOG09852	2.8e-100	328.1
NZ_KB908455.1$~&Oceanimonas$~&smirnovii$~&ATCC$~&BAA-899$~&G364DRAFT_scaffold00002.2,$~&whole$~&genome$~&shotgun$~&sequence_fragment_3_277	VOG04273	6.4e-72	235.1
NZ_KB908455.1$~&Oceanimonas$~&smirnovii$~&ATCC$~&BAA-899$~&G364DRAFT_scaffold00002.2,$~&whole$~&genome$~&shotgun$~&sequence_fragment_3_219	VOG00644	2.1e-69	226.1
NZ_KB908455.1$~&Oceanimonas$~&smirnovii$~&ATCC$~&BAA-899$~&G364DRAFT_scaffold00002.2,$~&whole$~&genome$~&shotgun$~&sequence_fragment_3_278	VOG18348	8e-64	208.8
NZ_KB908455.1$~&Oceanimonas$~&smirnovii$~&ATCC$~&BAA-899$~&G364DRAFT_scaffold00002.2,$~&whole$~&genome$~&shotgun$~&sequence_fragment_3_275	VOG00041	2.4e-60	197.5
NZ_KB908455.1$~&Oceanimonas$~&smirnovii$~&ATCC$~&BAA-899$~&G364DRAFT_scaffold00002.2,$~&whole$~&genome$~&shotgun$~&sequence_fragment_3_265	VOG10563	5.6e-58	189.4
NZ_KB908457.1$~&Oceanimonas$~&smirnovii$~&ATCC$~&BAA-899$~&G364DRAFT_scaffold00004.4,$~&whole$~&genome$~&shotgun$~&sequence_fragment_1_21	VOG00152	1.2e-57	187.2
NZ_KB908455.1$~&Oceanimonas$~&smirnovii$~&ATCC$~&BAA-899$~&G364DRAFT_scaffold00002.2,$~&whole$~&genome$~&shotgun$~&sequence_fragment_3_218	VOG01039	7.4999999999999995e-56	182.8
NZ_KB908455.1$~&Oceanimonas$~&smirnovii$~&ATCC$~&BAA-899$~&G364DRAFT_scaffold00002.2,$~&whole$~&genome$~&shotgun$~&sequence_fragment_3_257	VOG21208	7e-55	178.9
NZ_KB908455.1$~&Oceanimonas$~&smirnovii$~&ATCC$~&BAA-899$~&G364DRAFT_scaffold00002.2,$~&whole$~&genome$~&shotgun$~&sequence_fragment_3_268	VOG00404	3.5e-54	175.9
NZ_KB908455.1$~&Oceanimonas$~&smirnovii$~&ATCC$~&BAA-899$~&G364DRAFT_scaffold00002.2,$~&whole$~&genome$~&shotgun$~&sequence_fragment_3_230	VOG00719	1.1e-52	172.7
NZ_KB908455.1$~&Oceanimonas$~&smirnovii$~&ATCC$~&BAA-899$~&G364DRAFT_scaffold00002.2,$~&whole$~&genome$~&shotgun$~&sequence_fragment_3_217	VOG02435	2.4e-47	153.7
NZ_KB908455.1$~&Oceanimonas$~&smirnovii$~&ATCC$~&BAA-899$~&G364DRAFT_scaffold00002.2,$~&whole$~&genome$~&shotgun$~&sequence_fragment_3_249	VOG00974	9.7e-42	136.3
NZ_KB908455.1$~&Oceanimonas$~&smirnovii$~&ATCC$~&BAA-899$~&G364DRAFT_scaffold00002.2,$~&whole$~&genome$~&shotgun$~&sequence_fragment_3_215	VOG01165	3.4e-41	134.1
NZ_KB908455.1$~&Oceanimonas$~&smirnovii$~&ATCC$~&BAA-899$~&G364DRAFT_scaffold00002.2,$~&whole$~&genome$~&shotgun$~&sequence_fragment_3_266	VOG01116	1.1e-36	118.9
NZ_KB908455.1$~&Oceanimonas$~&smirnovii$~&ATCC$~&BAA-899$~&G364DRAFT_scaffold00002.2,$~&whole$~&genome$~&shotgun$~&sequence_fragment_3_235	VOG01059	1.0000000000000001e-34	112.8
NZ_KB908455.1$~&Oceanimonas$~&smirnovii$~&ATCC$~&BAA-899$~&G364DRAFT_scaffold00002.2,$~&whole$~&genome$~&shotgun$~&sequence_fragment_3_253	VOG02771	2.3000000000000002e-33	108.7
NZ_KB908455.1$~&Oceanimonas$~&smirnovii$~&ATCC$~&BAA-899$~&G364DRAFT_scaffold00002.2,$~&whole$~&genome$~&shotgun$~&sequence_fragment_3_226	VOG00959	8.1e-32	103.6
NZ_KB908455.1$~&Oceanimonas$~&smirnovii$~&ATCC$~&BAA-899$~&G364DRAFT_scaffold00002.2,$~&whole$~&genome$~&shotgun$~&sequence_fragment_2_117	VOG00935	2.8e-31	101.5
NZ_KB908455.1$~&Oceanimonas$~&smirnovii$~&ATCC$~&BAA-899$~&G364DRAFT_scaffold00002.2,$~&whole$~&genome$~&shotgun$~&sequence_fragment_3_234	VOG00720	2.1e-29	95.4
NZ_KB908455.1$~&Oceanimonas$~&smirnovii$~&ATCC$~&BAA-899$~&G364DRAFT_scaffold00002.2,$~&whole$~&genome$~&shotgun$~&sequence_fragment_3_237	VOG00095	1.1000000000000002e-28	92.3
NZ_KB908455.1$~&Oceanimonas$~&smirnovii$~&ATCC$~&BAA-899$~&G364DRAFT_scaffold00002.2,$~&whole$~&genome$~&shotgun$~&sequence_fragment_2_123	VOG20545	2.6e-27	88.4
NZ_KB908455.1$~&Oceanimonas$~&smirnovii$~&ATCC$~&BAA-899$~&G364DRAFT_scaffold00002.2,$~&whole$~&genome$~&shotgun$~&sequence_fragment_3_251	VOG00672	4.4000000000000005e-27	87.8
NZ_KB908455.1$~&Oceanimonas$~&smirnovii$~&ATCC$~&BAA-899$~&G364DRAFT_scaffold00002.2,$~&whole$~&genome$~&shotgun$~&sequence_fragment_3_220	VOG01889	2.7e-26	85.0
NZ_KB908455.1$~&Oceanimonas$~&smirnovii$~&ATCC$~&BAA-899$~&G364DRAFT_scaffold00002.2,$~&whole$~&genome$~&shotgun$~&sequence_fragment_3_232	VOG13570	1.0000000000000001e-24	78.8
NZ_KB908457.1$~&Oceanimonas$~&smirnovii$~&ATCC$~&BAA-899$~&G364DRAFT_scaffold00004.4,$~&whole$~&genome$~&shotgun$~&sequence_fragment_1_22	VOG00231	1.7999999999999997e-24	79.6
NZ_KB908455.1$~&Oceanimonas$~&smirnovii$~&ATCC$~&BAA-899$~&G364DRAFT_scaffold00002.2,$~&whole$~&genome$~&shotgun$~&sequence_fragment_3_241	VOG00098	1.7e-23	76.5
NZ_KB908455.1$~&Oceanimonas$~&smirnovii$~&ATCC$~&BAA-899$~&G364DRAFT_scaffold00002.2,$~&whole$~&genome$~&shotgun$~&sequence_fragment_3_269	VOG00265	3.5000000000000005e-22	72.0
NZ_KB908455.1$~&Oceanimonas$~&smirnovii$~&ATCC$~&BAA-899$~&G364DRAFT_scaffold00002.2,$~&whole$~&genome$~&shotgun$~&sequence_fragment_3_246	VOG00572	1e-20	67.1
NZ_KB908455.1$~&Oceanimonas$~&smirnovii$~&ATCC$~&BAA-899$~&G364DRAFT_scaffold00002.2,$~&whole$~&genome$~&shotgun$~&sequence_fragment_3_228	VOG02048	2.7e-19	62.3
NZ_KB908455.1$~&Oceanimonas$~&smirnovii$~&ATCC$~&BAA-899$~&G364DRAFT_scaffold00002.2,$~&whole$~&genome$~&shotgun$~&sequence_fragment_3_222	VOG11458	6.9e-19	61.1
NZ_KB908455.1$~&Oceanimonas$~&smirnovii$~&ATCC$~&BAA-899$~&G364DRAFT_scaffold00002.2,$~&whole$~&genome$~&shotgun$~&sequence_fragment_3_233	VOG09810	9.7e-19	61.2
NZ_KB908455.1$~&Oceanimonas$~&smirnovii$~&ATCC$~&BAA-899$~&G364DRAFT_scaffold00002.2,$~&whole$~&genome$~&shotgun$~&sequence_fragment_3_240	VOG00605	2.2e-17	55.9
NZ_KB908455.1$~&Oceanimonas$~&smirnovii$~&ATCC$~&BAA-899$~&G364DRAFT_scaffold00002.2,$~&whole$~&genome$~&shotgun$~&sequence_fragment_1_79	VOG00758	5.3e-17	55.0
NZ_KB908455.1$~&Oceanimonas$~&smirnovii$~&ATCC$~&BAA-899$~&G364DRAFT_scaffold00002.2,$~&whole$~&genome$~&shotgun$~&sequence_fragment_3_229	VOG01099	2e-16	53.1
NZ_KB908455.1$~&Oceanimonas$~&smirnovii$~&ATCC$~&BAA-899$~&G364DRAFT_scaffold00002.2,$~&whole$~&genome$~&shotgun$~&sequence_fragment_3_224	VOG00149	3.9e-16	52.2
NZ_KB908457.1$~&Oceanimonas$~&smirnovii$~&ATCC$~&BAA-899$~&G364DRAFT_scaffold00004.4,$~&whole$~&genome$~&shotgun$~&sequence_fragment_1_18	VOG00533	7.6e-16	50.3
NZ_KB908455.1$~&Oceanimonas$~&smirnovii$~&ATCC$~&BAA-899$~&G364DRAFT_scaffold00002.2,$~&whole$~&genome$~&shotgun$~&sequence_fragment_3_242	VOG00232	1.2e-15	49.5
NZ_KB908456.1$~&Oceanimonas$~&smirnovii$~&ATCC$~&BAA-899$~&G364DRAFT_scaffold00003.3,$~&whole$~&genome$~&shotgun$~&sequence_fragment_1_9	VOG00120	6.4e-197	648.7
NZ_KB908456.1$~&Oceanimonas$~&smirnovii$~&ATCC$~&BAA-899$~&G364DRAFT_scaffold00003.3,$~&whole$~&genome$~&shotgun$~&sequence_fragment_2_113	VOG11404	1.2e-171	563.3
NZ_KB908456.1$~&Oceanimonas$~&smirnovii$~&ATCC$~&BAA-899$~&G364DRAFT_scaffold00003.3,$~&whole$~&genome$~&shotgun$~&sequence_fragment_2_99	VOG00821	9.7e-128	420.4
NZ_KB908456.1$~&Oceanimonas$~&smirnovii$~&ATCC$~&BAA-899$~&G364DRAFT_scaffold00003.3,$~&whole$~&genome$~&shotgun$~&sequence_fragment_1_7	VOG00356	1e-107	353.9
NZ_KB908456.1$~&Oceanimonas$~&smirnovii$~&ATCC$~&BAA-899$~&G364DRAFT_scaffold00003.3,$~&whole$~&genome$~&shotgun$~&sequence_fragment_1_10	VOG00398	4e-107	350.5
NZ_KB908454.1$~&Oceanimonas$~&smirnovii$~&ATCC$~&BAA-899$~&G364DRAFT_scaffold00001.1,$~&whole$~&genome$~&shotgun$~&sequence_fragment_1_105	VOG01109	1.4999999999999999e-105	345.8
NZ_KB908456.1$~&Oceanimonas$~&smirnovii$~&ATCC$~&BAA-899$~&G364DRAFT_scaffold00003.3,$~&whole$~&genome$~&shotgun$~&sequence_fragment_2_106	VOG15362	1.7e-95	311.9
NZ_KB908456.1$~&Oceanimonas$~&smirnovii$~&ATCC$~&BAA-899$~&G364DRAFT_scaffold00003.3,$~&whole$~&genome$~&shotgun$~&sequence_fragment_2_108	VOG01405	1.3e-78	257.0
NZ_KB908456.1$~&Oceanimonas$~&smirnovii$~&ATCC$~&BAA-899$~&G364DRAFT_scaffold00003.3,$~&whole$~&genome$~&shotgun$~&sequence_fragment_2_114	VOG11405	7.300000000000001e-74	239.5
NZ_KB908456.1$~&Oceanimonas$~&smirnovii$~&ATCC$~&BAA-899$~&G364DRAFT_scaffold00003.3,$~&whole$~&genome$~&shotgun$~&sequence_fragment_2_107	VOG10261	1.4e-70	230.7
NZ_KB908454.1$~&Oceanimonas$~&smirnovii$~&ATCC$~&BAA-899$~&G364DRAFT_scaffold00001.1,$~&whole$~&genome$~&shotgun$~&sequence_fragment_1_103	VOG00232	2.5e-70	230.5
NZ_KB908456.1$~&Oceanimonas$~&smirnovii$~&ATCC$~&BAA-899$~&G364DRAFT_scaffold00003.3,$~&whole$~&genome$~&shotgun$~&sequence_fragment_2_127	VOG11408	1.5e-69	227.4
NZ_KB908456.1$~&Oceanimonas$~&smirnovii$~&ATCC$~&BAA-899$~&G364DRAFT_scaffold00003.3,$~&whole$~&genome$~&shotgun$~&sequence_fragment_2_109	VOG10262	8.3e-67	217.7
NZ_KB908456.1$~&Oceanimonas$~&smirnovii$~&ATCC$~&BAA-899$~&G364DRAFT_scaffold00003.3,$~&whole$~&genome$~&shotgun$~&sequence_fragment_2_124	VOG12621	3.1e-64	210.0
NZ_KB908456.1$~&Oceanimonas$~&smirnovii$~&ATCC$~&BAA-899$~&G364DRAFT_scaffold00003.3,$~&whole$~&genome$~&shotgun$~&sequence_fragment_2_128	VOG11409	1.4999999999999998e-62	203.3
NZ_KB908454.1$~&Oceanimonas$~&smirnovii$~&ATCC$~&BAA-899$~&G364DRAFT_scaffold00001.1,$~&whole$~&genome$~&shotgun$~&sequence_fragment_1_111	VOG11831	4.7e-59	191.3
NZ_KB908454.1$~&Oceanimonas$~&smirnovii$~&ATCC$~&BAA-899$~&G364DRAFT_scaffold00001.1,$~&whole$~&genome$~&shotgun$~&sequence_fragment_4_296	VOG10569	6.1e-56	182.7
NZ_KB908456.1$~&Oceanimonas$~&smirnovii$~&ATCC$~&BAA-899$~&G364DRAFT_scaffold00003.3,$~&whole$~&genome$~&shotgun$~&sequence_fragment_2_112	VOG03710	3.599999999999999e-55	179.6
NZ_KB908456.1$~&Oceanimonas$~&smirnovii$~&ATCC$~&BAA-899$~&G364DRAFT_scaffold00003.3,$~&whole$~&genome$~&shotgun$~&sequence_fragment_2_86	VOG00041	2.7e-51	167.7
NZ_KB908454.1$~&Oceanimonas$~&smirnovii$~&ATCC$~&BAA-899$~&G364DRAFT_scaffold00001.1,$~&whole$~&genome$~&shotgun$~&sequence_fragment_1_102	VOG00140	8.9e-51	165.8
NZ_KB908456.1$~&Oceanimonas$~&smirnovii$~&ATCC$~&BAA-899$~&G364DRAFT_scaffold00003.3,$~&whole$~&genome$~&shotgun$~&sequence_fragment_2_122	VOG00243	1.1e-48	158.7
NZ_KB908456.1$~&Oceanimonas$~&smirnovii$~&ATCC$~&BAA-899$~&G364DRAFT_scaffold00003.3,$~&whole$~&genome$~&shotgun$~&sequence_fragment_2_121	VOG11407	3.3999999999999997e-47	151.8
NZ_KB908456.1$~&Oceanimonas$~&smirnovii$~&ATCC$~&BAA-899$~&G364DRAFT_scaffold00003.3,$~&whole$~&genome$~&shotgun$~&sequence_fragment_1_15	VOG02375	1.9999999999999998e-42	137.8
NZ_KB908456.1$~&Oceanimonas$~&smirnovii$~&ATCC$~&BAA-899$~&G364DRAFT_scaffold00003.3,$~&whole$~&genome$~&shotgun$~&sequence_fragment_2_123	VOG01944	2.6e-42	137.2
NZ_KB908454.1$~&Oceanimonas$~&smirnovii$~&ATCC$~&BAA-899$~&G364DRAFT_scaffold00001.1,$~&whole$~&genome$~&shotgun$~&sequence_fragment_4_295	VOG01132	5.2e-42	136.4
NZ_KB908456.1$~&Oceanimonas$~&smirnovii$~&ATCC$~&BAA-899$~&G364DRAFT_scaffold00003.3,$~&whole$~&genome$~&shotgun$~&sequence_fragment_2_105	VOG00236	5.2e-41	134.0
NZ_KB908456.1$~&Oceanimonas$~&smirnovii$~&ATCC$~&BAA-899$~&G364DRAFT_scaffold00003.3,$~&whole$~&genome$~&shotgun$~&sequence_fragment_2_110	VOG10263	5.1e-40	129.6
NZ_KB908456.1$~&Oceanimonas$~&smirnovii$~&ATCC$~&BAA-899$~&G364DRAFT_scaffold00003.3,$~&whole$~&genome$~&shotgun$~&sequence_fragment_1_19	VOG00084	1.1e-39	129.5
NZ_KB908456.1$~&Oceanimonas$~&smirnovii$~&ATCC$~&BAA-899$~&G364DRAFT_scaffold00003.3,$~&whole$~&genome$~&shotgun$~&sequence_fragment_1_14	VOG01717	6.100000000000001e-32	103.8
NZ_KB908456.1$~&Oceanimonas$~&smirnovii$~&ATCC$~&BAA-899$~&G364DRAFT_scaffold00003.3,$~&whole$~&genome$~&shotgun$~&sequence_fragment_2_116	VOG01571	3.5e-31	100.5
NZ_KB908456.1$~&Oceanimonas$~&smirnovii$~&ATCC$~&BAA-899$~&G364DRAFT_scaffold00003.3,$~&whole$~&genome$~&shotgun$~&sequence_fragment_2_119	VOG11406	4.7e-31	99.8
NZ_KB908456.1$~&Oceanimonas$~&smirnovii$~&ATCC$~&BAA-899$~&G364DRAFT_scaffold00003.3,$~&whole$~&genome$~&shotgun$~&sequence_fragment_2_117	VOG00460	9.7e-31	99.7
NZ_KB908456.1$~&Oceanimonas$~&smirnovii$~&ATCC$~&BAA-899$~&G364DRAFT_scaffold00003.3,$~&whole$~&genome$~&shotgun$~&sequence_fragment_2_111	VOG03803	3.9e-30	97.4
NZ_KB908454.1$~&Oceanimonas$~&smirnovii$~&ATCC$~&BAA-899$~&G364DRAFT_scaffold00001.1,$~&whole$~&genome$~&shotgun$~&sequence_fragment_4_290	VOG00362	6.3e-27	86.9
NZ_KB908454.1$~&Oceanimonas$~&smirnovii$~&ATCC$~&BAA-899$~&G364DRAFT_scaffold00001.1,$~&whole$~&genome$~&shotgun$~&sequence_fragment_1_108	VOG03742	6.6e-27	86.9
NZ_KB908456.1$~&Oceanimonas$~&smirnovii$~&ATCC$~&BAA-899$~&G364DRAFT_scaffold00003.3,$~&whole$~&genome$~&shotgun$~&sequence_fragment_3_204	VOG12718	9.999999999999999e-26	82.9
NZ_KB908456.1$~&Oceanimonas$~&smirnovii$~&ATCC$~&BAA-899$~&G364DRAFT_scaffold00003.3,$~&whole$~&genome$~&shotgun$~&sequence_fragment_2_125	VOG03442	6.099999999999999e-25	80.5
NZ_KB908456.1$~&Oceanimonas$~&smirnovii$~&ATCC$~&BAA-899$~&G364DRAFT_scaffold00003.3,$~&whole$~&genome$~&shotgun$~&sequence_fragment_2_104	VOG04625	9.4e-22	69.8
NZ_KB908454.1$~&Oceanimonas$~&smirnovii$~&ATCC$~&BAA-899$~&G364DRAFT_scaffold00001.1,$~&whole$~&genome$~&shotgun$~&sequence_fragment_4_288	VOG00102	2.3e-21	69.0
NZ_KB908456.1$~&Oceanimonas$~&smirnovii$~&ATCC$~&BAA-899$~&G364DRAFT_scaffold00003.3,$~&whole$~&genome$~&shotgun$~&sequence_fragment_2_115	VOG00389	2.1e-20	65.5
NZ_KB908454.1$~&Oceanimonas$~&smirnovii$~&ATCC$~&BAA-899$~&G364DRAFT_scaffold00001.1,$~&whole$~&genome$~&shotgun$~&sequence_fragment_1_101	VOG02857	2.3e-20	65.0
NZ_KB908456.1$~&Oceanimonas$~&smirnovii$~&ATCC$~&BAA-899$~&G364DRAFT_scaffold00003.3,$~&whole$~&genome$~&shotgun$~&sequence_fragment_2_101	VOG04435	4.6e-20	64.8
NZ_KB908456.1$~&Oceanimonas$~&smirnovii$~&ATCC$~&BAA-899$~&G364DRAFT_scaffold00003.3,$~&whole$~&genome$~&shotgun$~&sequence_fragment_2_91	VOG03566	3.9e-19	61.0
NZ_KB908456.1$~&Oceanimonas$~&smirnovii$~&ATCC$~&BAA-899$~&G364DRAFT_scaffold00003.3,$~&whole$~&genome$~&shotgun$~&sequence_fragment_2_90	VOG02771	7.9e-18	58.2
NZ_KB908456.1$~&Oceanimonas$~&smirnovii$~&ATCC$~&BAA-899$~&G364DRAFT_scaffold00003.3,$~&whole$~&genome$~&shotgun$~&sequence_fragment_2_92	VOG00672	2.1e-17	56.3
NZ_KB908456.1$~&Oceanimonas$~&smirnovii$~&ATCC$~&BAA-899$~&G364DRAFT_scaffold00003.3,$~&whole$~&genome$~&shotgun$~&sequence_fragment_2_118	VOG00134	6.5e-16	51.2
NZ_KB908454.1$~&Oceanimonas$~&smirnovii$~&ATCC$~&BAA-899$~&G364DRAFT_scaffold00001.1,$~&whole$~&genome$~&shotgun$~&sequence_fragment_4_284	VOG00935	2e-14	46.0
NZ_KB908454.1$~&Oceanimonas$~&smirnovii$~&ATCC$~&BAA-899$~&G364DRAFT_scaffold00001.1,$~&whole$~&genome$~&shotgun$~&sequence_fragment_4_287	VOG19400	1e-12	40.0
