protein	id	evalue	score
NZ_KB908454.1$~&Oceanimonas$~&smirnovii$~&ATCC$~&BAA-899$~&G364DRAFT_scaffold00001.1,$~&whole$~&genome$~&shotgun$~&sequence_fragment_1_105	VOG01109	1.0999999999999998e-105	345.8
NZ_KB908463.1$~&Oceanimonas$~&smirnovii$~&ATCC$~&BAA-899$~&G364DRAFT_scaffold00010.10,$~&whole$~&genome$~&shotgun$~&sequence_fragment_1_1	VOG10319	4.8e-87	284.9
NZ_KB908476.1$~&Oceanimonas$~&smirnovii$~&ATCC$~&BAA-899$~&G364DRAFT_scaffold00023.23,$~&whole$~&genome$~&shotgun$~&sequence_12	VOG00074	9.1e-87	283.3
NZ_KB908454.1$~&Oceanimonas$~&smirnovii$~&ATCC$~&BAA-899$~&G364DRAFT_scaffold00001.1,$~&whole$~&genome$~&shotgun$~&sequence_fragment_1_103	VOG00232	1.7999999999999998e-70	230.5
NZ_KB908454.1$~&Oceanimonas$~&smirnovii$~&ATCC$~&BAA-899$~&G364DRAFT_scaffold00001.1,$~&whole$~&genome$~&shotgun$~&sequence_fragment_1_111	VOG11831	3.4e-59	191.3
NZ_KB908454.1$~&Oceanimonas$~&smirnovii$~&ATCC$~&BAA-899$~&G364DRAFT_scaffold00001.1,$~&whole$~&genome$~&shotgun$~&sequence_fragment_4_296	VOG10569	4.4e-56	182.7
NZ_KB908454.1$~&Oceanimonas$~&smirnovii$~&ATCC$~&BAA-899$~&G364DRAFT_scaffold00001.1,$~&whole$~&genome$~&shotgun$~&sequence_fragment_1_102	VOG00140	6.4e-51	165.8
NZ_KB908454.1$~&Oceanimonas$~&smirnovii$~&ATCC$~&BAA-899$~&G364DRAFT_scaffold00001.1,$~&whole$~&genome$~&shotgun$~&sequence_fragment_4_295	VOG01132	3.7e-42	136.4
NZ_KB908475.1$~&Oceanimonas$~&smirnovii$~&ATCC$~&BAA-899$~&G364DRAFT_scaffold00022.22,$~&whole$~&genome$~&shotgun$~&sequence_fragment_1_13	VOG04735	6.1e-39	126.2
NZ_KB908454.1$~&Oceanimonas$~&smirnovii$~&ATCC$~&BAA-899$~&G364DRAFT_scaffold00001.1,$~&whole$~&genome$~&shotgun$~&sequence_fragment_4_290	VOG00362	4.5e-27	86.9
NZ_KB908454.1$~&Oceanimonas$~&smirnovii$~&ATCC$~&BAA-899$~&G364DRAFT_scaffold00001.1,$~&whole$~&genome$~&shotgun$~&sequence_fragment_1_108	VOG03742	4.8e-27	86.9
NZ_KB908475.1$~&Oceanimonas$~&smirnovii$~&ATCC$~&BAA-899$~&G364DRAFT_scaffold00022.22,$~&whole$~&genome$~&shotgun$~&sequence_fragment_1_10	VOG00069	1.5999999999999999e-24	78.9
NZ_KB908454.1$~&Oceanimonas$~&smirnovii$~&ATCC$~&BAA-899$~&G364DRAFT_scaffold00001.1,$~&whole$~&genome$~&shotgun$~&sequence_fragment_4_288	VOG00102	1.7e-21	69.0
NZ_KB908463.1$~&Oceanimonas$~&smirnovii$~&ATCC$~&BAA-899$~&G364DRAFT_scaffold00010.10,$~&whole$~&genome$~&shotgun$~&sequence_fragment_1_7	VOG03140	5.9e-21	65.8
NZ_KB908454.1$~&Oceanimonas$~&smirnovii$~&ATCC$~&BAA-899$~&G364DRAFT_scaffold00001.1,$~&whole$~&genome$~&shotgun$~&sequence_fragment_1_101	VOG02857	1.6e-20	65.0
NZ_KB908464.1$~&Oceanimonas$~&smirnovii$~&ATCC$~&BAA-899$~&G364DRAFT_scaffold00011.11,$~&whole$~&genome$~&shotgun$~&sequence_fragment_1_45	VOG00654	8.2e-15	47.0
NZ_KB908454.1$~&Oceanimonas$~&smirnovii$~&ATCC$~&BAA-899$~&G364DRAFT_scaffold00001.1,$~&whole$~&genome$~&shotgun$~&sequence_fragment_4_284	VOG00935	1.5e-14	46.0
NZ_KB908475.1$~&Oceanimonas$~&smirnovii$~&ATCC$~&BAA-899$~&G364DRAFT_scaffold00022.22,$~&whole$~&genome$~&shotgun$~&sequence_fragment_1_16	VOG01774	4.1e-14	43.9
NZ_KB908475.1$~&Oceanimonas$~&smirnovii$~&ATCC$~&BAA-899$~&G364DRAFT_scaffold00022.22,$~&whole$~&genome$~&shotgun$~&sequence_fragment_1_12	VOG00055	3.6e-13	42.1
NZ_KB908454.1$~&Oceanimonas$~&smirnovii$~&ATCC$~&BAA-899$~&G364DRAFT_scaffold00001.1,$~&whole$~&genome$~&shotgun$~&sequence_fragment_4_287	VOG19400	7.2e-13	40.0
NZ_KB908455.1$~&Oceanimonas$~&smirnovii$~&ATCC$~&BAA-899$~&G364DRAFT_scaffold00002.2,$~&whole$~&genome$~&shotgun$~&sequence_fragment_3_216	VOG00125	2e-239	791.4
NZ_KB908456.1$~&Oceanimonas$~&smirnovii$~&ATCC$~&BAA-899$~&G364DRAFT_scaffold00003.3,$~&whole$~&genome$~&shotgun$~&sequence_fragment_1_9	VOG00120	1.3000000000000001e-196	648.7
NZ_KB908456.1$~&Oceanimonas$~&smirnovii$~&ATCC$~&BAA-899$~&G364DRAFT_scaffold00003.3,$~&whole$~&genome$~&shotgun$~&sequence_fragment_2_113	VOG11404	2.5e-171	563.3
NZ_KB908456.1$~&Oceanimonas$~&smirnovii$~&ATCC$~&BAA-899$~&G364DRAFT_scaffold00003.3,$~&whole$~&genome$~&shotgun$~&sequence_fragment_2_99	VOG00821	2e-127	420.4
NZ_KB908456.1$~&Oceanimonas$~&smirnovii$~&ATCC$~&BAA-899$~&G364DRAFT_scaffold00003.3,$~&whole$~&genome$~&shotgun$~&sequence_fragment_1_7	VOG00356	2.1e-107	353.9
NZ_KB908456.1$~&Oceanimonas$~&smirnovii$~&ATCC$~&BAA-899$~&G364DRAFT_scaffold00003.3,$~&whole$~&genome$~&shotgun$~&sequence_fragment_1_10	VOG00398	8.3e-107	350.5
NZ_KB908455.1$~&Oceanimonas$~&smirnovii$~&ATCC$~&BAA-899$~&G364DRAFT_scaffold00002.2,$~&whole$~&genome$~&shotgun$~&sequence_fragment_3_231	VOG01666	6.800000000000001e-106	348.4
NZ_KB908461.1$~&Oceanimonas$~&smirnovii$~&ATCC$~&BAA-899$~&G364DRAFT_scaffold00008.8,$~&whole$~&genome$~&shotgun$~&sequence_fragment_1_35	VOG11028	1e-103	341.3
NZ_KB908455.1$~&Oceanimonas$~&smirnovii$~&ATCC$~&BAA-899$~&G364DRAFT_scaffold00002.2,$~&whole$~&genome$~&shotgun$~&sequence_fragment_3_261	VOG09852	5.7e-100	328.1
NZ_KB908456.1$~&Oceanimonas$~&smirnovii$~&ATCC$~&BAA-899$~&G364DRAFT_scaffold00003.3,$~&whole$~&genome$~&shotgun$~&sequence_fragment_2_106	VOG15362	3.5999999999999995e-95	311.9
NZ_KB908456.1$~&Oceanimonas$~&smirnovii$~&ATCC$~&BAA-899$~&G364DRAFT_scaffold00003.3,$~&whole$~&genome$~&shotgun$~&sequence_fragment_2_108	VOG01405	2.7e-78	257.0
NZ_KB908456.1$~&Oceanimonas$~&smirnovii$~&ATCC$~&BAA-899$~&G364DRAFT_scaffold00003.3,$~&whole$~&genome$~&shotgun$~&sequence_fragment_2_114	VOG11405	1.5e-73	239.5
NZ_KB908455.1$~&Oceanimonas$~&smirnovii$~&ATCC$~&BAA-899$~&G364DRAFT_scaffold00002.2,$~&whole$~&genome$~&shotgun$~&sequence_fragment_3_277	VOG04273	1.3000000000000001e-71	235.1
NZ_KB908456.1$~&Oceanimonas$~&smirnovii$~&ATCC$~&BAA-899$~&G364DRAFT_scaffold00003.3,$~&whole$~&genome$~&shotgun$~&sequence_fragment_2_107	VOG10261	2.9e-70	230.7
NZ_KB908456.1$~&Oceanimonas$~&smirnovii$~&ATCC$~&BAA-899$~&G364DRAFT_scaffold00003.3,$~&whole$~&genome$~&shotgun$~&sequence_fragment_2_127	VOG11408	3e-69	227.4
NZ_KB908455.1$~&Oceanimonas$~&smirnovii$~&ATCC$~&BAA-899$~&G364DRAFT_scaffold00002.2,$~&whole$~&genome$~&shotgun$~&sequence_fragment_3_219	VOG00644	4.1e-69	226.1
NZ_KB908456.1$~&Oceanimonas$~&smirnovii$~&ATCC$~&BAA-899$~&G364DRAFT_scaffold00003.3,$~&whole$~&genome$~&shotgun$~&sequence_fragment_2_109	VOG10262	1.7e-66	217.7
NZ_KB908456.1$~&Oceanimonas$~&smirnovii$~&ATCC$~&BAA-899$~&G364DRAFT_scaffold00003.3,$~&whole$~&genome$~&shotgun$~&sequence_fragment_2_124	VOG12621	6.4e-64	210.0
NZ_KB908455.1$~&Oceanimonas$~&smirnovii$~&ATCC$~&BAA-899$~&G364DRAFT_scaffold00002.2,$~&whole$~&genome$~&shotgun$~&sequence_fragment_3_278	VOG18348	1.6e-63	208.8
NZ_KB908456.1$~&Oceanimonas$~&smirnovii$~&ATCC$~&BAA-899$~&G364DRAFT_scaffold00003.3,$~&whole$~&genome$~&shotgun$~&sequence_fragment_2_128	VOG11409	3.1e-62	203.3
NZ_KB908455.1$~&Oceanimonas$~&smirnovii$~&ATCC$~&BAA-899$~&G364DRAFT_scaffold00002.2,$~&whole$~&genome$~&shotgun$~&sequence_fragment_3_275	VOG00041	4.8e-60	197.5
NZ_KB908455.1$~&Oceanimonas$~&smirnovii$~&ATCC$~&BAA-899$~&G364DRAFT_scaffold00002.2,$~&whole$~&genome$~&shotgun$~&sequence_fragment_3_265	VOG10563	1.1e-57	189.4
NZ_KB908457.1$~&Oceanimonas$~&smirnovii$~&ATCC$~&BAA-899$~&G364DRAFT_scaffold00004.4,$~&whole$~&genome$~&shotgun$~&sequence_fragment_1_21	VOG00152	2.4e-57	187.2
NZ_KB908455.1$~&Oceanimonas$~&smirnovii$~&ATCC$~&BAA-899$~&G364DRAFT_scaffold00002.2,$~&whole$~&genome$~&shotgun$~&sequence_fragment_3_218	VOG01039	1.4999999999999999e-55	182.8
NZ_KB908456.1$~&Oceanimonas$~&smirnovii$~&ATCC$~&BAA-899$~&G364DRAFT_scaffold00003.3,$~&whole$~&genome$~&shotgun$~&sequence_fragment_2_112	VOG03710	7.499999999999999e-55	179.6
NZ_KB908455.1$~&Oceanimonas$~&smirnovii$~&ATCC$~&BAA-899$~&G364DRAFT_scaffold00002.2,$~&whole$~&genome$~&shotgun$~&sequence_fragment_3_257	VOG21208	1.4e-54	178.9
NZ_KB908455.1$~&Oceanimonas$~&smirnovii$~&ATCC$~&BAA-899$~&G364DRAFT_scaffold00002.2,$~&whole$~&genome$~&shotgun$~&sequence_fragment_3_268	VOG00404	7e-54	175.9
NZ_KB908455.1$~&Oceanimonas$~&smirnovii$~&ATCC$~&BAA-899$~&G364DRAFT_scaffold00002.2,$~&whole$~&genome$~&shotgun$~&sequence_fragment_3_230	VOG00719	2.2e-52	172.7
NZ_KB908461.1$~&Oceanimonas$~&smirnovii$~&ATCC$~&BAA-899$~&G364DRAFT_scaffold00008.8,$~&whole$~&genome$~&shotgun$~&sequence_fragment_1_39	VOG03082	3e-52	170.9
NZ_KB908456.1$~&Oceanimonas$~&smirnovii$~&ATCC$~&BAA-899$~&G364DRAFT_scaffold00003.3,$~&whole$~&genome$~&shotgun$~&sequence_fragment_2_86	VOG00041	5.5e-51	167.7
NZ_KB908469.1$~&Oceanimonas$~&smirnovii$~&ATCC$~&BAA-899$~&G364DRAFT_scaffold00016.16,$~&whole$~&genome$~&shotgun$~&sequence_fragment_1_17	VOG00041	6.2e-50	164.3
NZ_KB908456.1$~&Oceanimonas$~&smirnovii$~&ATCC$~&BAA-899$~&G364DRAFT_scaffold00003.3,$~&whole$~&genome$~&shotgun$~&sequence_fragment_2_122	VOG00243	2.3e-48	158.7
NZ_KB908455.1$~&Oceanimonas$~&smirnovii$~&ATCC$~&BAA-899$~&G364DRAFT_scaffold00002.2,$~&whole$~&genome$~&shotgun$~&sequence_fragment_3_217	VOG02435	4.8999999999999995e-47	153.7
NZ_KB908456.1$~&Oceanimonas$~&smirnovii$~&ATCC$~&BAA-899$~&G364DRAFT_scaffold00003.3,$~&whole$~&genome$~&shotgun$~&sequence_fragment_2_121	VOG11407	7e-47	151.8
NZ_KB908456.1$~&Oceanimonas$~&smirnovii$~&ATCC$~&BAA-899$~&G364DRAFT_scaffold00003.3,$~&whole$~&genome$~&shotgun$~&sequence_fragment_1_15	VOG02375	4.1e-42	137.8
NZ_KB908456.1$~&Oceanimonas$~&smirnovii$~&ATCC$~&BAA-899$~&G364DRAFT_scaffold00003.3,$~&whole$~&genome$~&shotgun$~&sequence_fragment_2_123	VOG01944	5.3e-42	137.2
NZ_KB908455.1$~&Oceanimonas$~&smirnovii$~&ATCC$~&BAA-899$~&G364DRAFT_scaffold00002.2,$~&whole$~&genome$~&shotgun$~&sequence_fragment_3_249	VOG00974	2e-41	136.3
NZ_KB908455.1$~&Oceanimonas$~&smirnovii$~&ATCC$~&BAA-899$~&G364DRAFT_scaffold00002.2,$~&whole$~&genome$~&shotgun$~&sequence_fragment_3_215	VOG01165	6.8e-41	134.1
NZ_KB908456.1$~&Oceanimonas$~&smirnovii$~&ATCC$~&BAA-899$~&G364DRAFT_scaffold00003.3,$~&whole$~&genome$~&shotgun$~&sequence_fragment_2_105	VOG00236	1.1e-40	134.0
NZ_KB908456.1$~&Oceanimonas$~&smirnovii$~&ATCC$~&BAA-899$~&G364DRAFT_scaffold00003.3,$~&whole$~&genome$~&shotgun$~&sequence_fragment_2_110	VOG10263	1.1e-39	129.6
NZ_KB908456.1$~&Oceanimonas$~&smirnovii$~&ATCC$~&BAA-899$~&G364DRAFT_scaffold00003.3,$~&whole$~&genome$~&shotgun$~&sequence_fragment_1_19	VOG00084	2.3e-39	129.5
NZ_KB908455.1$~&Oceanimonas$~&smirnovii$~&ATCC$~&BAA-899$~&G364DRAFT_scaffold00002.2,$~&whole$~&genome$~&shotgun$~&sequence_fragment_3_266	VOG01116	2.2e-36	118.9
NZ_KB908461.1$~&Oceanimonas$~&smirnovii$~&ATCC$~&BAA-899$~&G364DRAFT_scaffold00008.8,$~&whole$~&genome$~&shotgun$~&sequence_fragment_1_32	VOG05860	9.699999999999999e-35	113.8
NZ_KB908455.1$~&Oceanimonas$~&smirnovii$~&ATCC$~&BAA-899$~&G364DRAFT_scaffold00002.2,$~&whole$~&genome$~&shotgun$~&sequence_fragment_3_235	VOG01059	2.1e-34	112.8
NZ_KB908455.1$~&Oceanimonas$~&smirnovii$~&ATCC$~&BAA-899$~&G364DRAFT_scaffold00002.2,$~&whole$~&genome$~&shotgun$~&sequence_fragment_3_253	VOG02771	4.6000000000000004e-33	108.7
NZ_KB908456.1$~&Oceanimonas$~&smirnovii$~&ATCC$~&BAA-899$~&G364DRAFT_scaffold00003.3,$~&whole$~&genome$~&shotgun$~&sequence_fragment_1_14	VOG01717	1.3e-31	103.8
NZ_KB908455.1$~&Oceanimonas$~&smirnovii$~&ATCC$~&BAA-899$~&G364DRAFT_scaffold00002.2,$~&whole$~&genome$~&shotgun$~&sequence_fragment_3_226	VOG00959	1.5999999999999999e-31	103.6
NZ_KB908455.1$~&Oceanimonas$~&smirnovii$~&ATCC$~&BAA-899$~&G364DRAFT_scaffold00002.2,$~&whole$~&genome$~&shotgun$~&sequence_fragment_2_117	VOG00935	5.5e-31	101.5
NZ_KB908456.1$~&Oceanimonas$~&smirnovii$~&ATCC$~&BAA-899$~&G364DRAFT_scaffold00003.3,$~&whole$~&genome$~&shotgun$~&sequence_fragment_2_116	VOG01571	7.199999999999999e-31	100.5
NZ_KB908456.1$~&Oceanimonas$~&smirnovii$~&ATCC$~&BAA-899$~&G364DRAFT_scaffold00003.3,$~&whole$~&genome$~&shotgun$~&sequence_fragment_2_119	VOG11406	9.799999999999999e-31	99.8
NZ_KB908456.1$~&Oceanimonas$~&smirnovii$~&ATCC$~&BAA-899$~&G364DRAFT_scaffold00003.3,$~&whole$~&genome$~&shotgun$~&sequence_fragment_2_117	VOG00460	1.9999999999999998e-30	99.7
NZ_KB908456.1$~&Oceanimonas$~&smirnovii$~&ATCC$~&BAA-899$~&G364DRAFT_scaffold00003.3,$~&whole$~&genome$~&shotgun$~&sequence_fragment_2_111	VOG03803	8.2e-30	97.4
NZ_KB908455.1$~&Oceanimonas$~&smirnovii$~&ATCC$~&BAA-899$~&G364DRAFT_scaffold00002.2,$~&whole$~&genome$~&shotgun$~&sequence_fragment_3_234	VOG00720	4.3e-29	95.4
NZ_KB908455.1$~&Oceanimonas$~&smirnovii$~&ATCC$~&BAA-899$~&G364DRAFT_scaffold00002.2,$~&whole$~&genome$~&shotgun$~&sequence_fragment_3_237	VOG00095	2.2000000000000004e-28	92.3
NZ_KB908455.1$~&Oceanimonas$~&smirnovii$~&ATCC$~&BAA-899$~&G364DRAFT_scaffold00002.2,$~&whole$~&genome$~&shotgun$~&sequence_fragment_2_123	VOG20545	5.1e-27	88.4
NZ_KB908455.1$~&Oceanimonas$~&smirnovii$~&ATCC$~&BAA-899$~&G364DRAFT_scaffold00002.2,$~&whole$~&genome$~&shotgun$~&sequence_fragment_3_251	VOG00672	8.9e-27	87.8
NZ_KB908455.1$~&Oceanimonas$~&smirnovii$~&ATCC$~&BAA-899$~&G364DRAFT_scaffold00002.2,$~&whole$~&genome$~&shotgun$~&sequence_fragment_3_220	VOG01889	5.4e-26	85.0
NZ_KB908456.1$~&Oceanimonas$~&smirnovii$~&ATCC$~&BAA-899$~&G364DRAFT_scaffold00003.3,$~&whole$~&genome$~&shotgun$~&sequence_fragment_3_204	VOG12718	2.1999999999999997e-25	82.9
NZ_KB908456.1$~&Oceanimonas$~&smirnovii$~&ATCC$~&BAA-899$~&G364DRAFT_scaffold00003.3,$~&whole$~&genome$~&shotgun$~&sequence_fragment_2_125	VOG03442	1.2999999999999998e-24	80.5
NZ_KB908455.1$~&Oceanimonas$~&smirnovii$~&ATCC$~&BAA-899$~&G364DRAFT_scaffold00002.2,$~&whole$~&genome$~&shotgun$~&sequence_fragment_3_232	VOG13570	2.1e-24	78.8
NZ_KB908457.1$~&Oceanimonas$~&smirnovii$~&ATCC$~&BAA-899$~&G364DRAFT_scaffold00004.4,$~&whole$~&genome$~&shotgun$~&sequence_fragment_1_22	VOG00231	3.7e-24	79.6
NZ_KB908455.1$~&Oceanimonas$~&smirnovii$~&ATCC$~&BAA-899$~&G364DRAFT_scaffold00002.2,$~&whole$~&genome$~&shotgun$~&sequence_fragment_3_241	VOG00098	3.3e-23	76.5
NZ_KB908455.1$~&Oceanimonas$~&smirnovii$~&ATCC$~&BAA-899$~&G364DRAFT_scaffold00002.2,$~&whole$~&genome$~&shotgun$~&sequence_fragment_3_269	VOG00265	7.100000000000001e-22	72.0
NZ_KB908456.1$~&Oceanimonas$~&smirnovii$~&ATCC$~&BAA-899$~&G364DRAFT_scaffold00003.3,$~&whole$~&genome$~&shotgun$~&sequence_fragment_2_104	VOG04625	1.9e-21	69.8
NZ_KB908455.1$~&Oceanimonas$~&smirnovii$~&ATCC$~&BAA-899$~&G364DRAFT_scaffold00002.2,$~&whole$~&genome$~&shotgun$~&sequence_fragment_3_246	VOG00572	2e-20	67.1
NZ_KB908456.1$~&Oceanimonas$~&smirnovii$~&ATCC$~&BAA-899$~&G364DRAFT_scaffold00003.3,$~&whole$~&genome$~&shotgun$~&sequence_fragment_2_115	VOG00389	4.3e-20	65.5
NZ_KB908456.1$~&Oceanimonas$~&smirnovii$~&ATCC$~&BAA-899$~&G364DRAFT_scaffold00003.3,$~&whole$~&genome$~&shotgun$~&sequence_fragment_2_101	VOG04435	9.6e-20	64.8
NZ_KB908469.1$~&Oceanimonas$~&smirnovii$~&ATCC$~&BAA-899$~&G364DRAFT_scaffold00016.16,$~&whole$~&genome$~&shotgun$~&sequence_fragment_1_3	VOG01470	3.2e-19	62.4
NZ_KB908455.1$~&Oceanimonas$~&smirnovii$~&ATCC$~&BAA-899$~&G364DRAFT_scaffold00002.2,$~&whole$~&genome$~&shotgun$~&sequence_fragment_3_228	VOG02048	5.5e-19	62.3
NZ_KB908456.1$~&Oceanimonas$~&smirnovii$~&ATCC$~&BAA-899$~&G364DRAFT_scaffold00003.3,$~&whole$~&genome$~&shotgun$~&sequence_fragment_2_91	VOG03566	8.1e-19	61.0
NZ_KB908455.1$~&Oceanimonas$~&smirnovii$~&ATCC$~&BAA-899$~&G364DRAFT_scaffold00002.2,$~&whole$~&genome$~&shotgun$~&sequence_fragment_3_222	VOG11458	1.4e-18	61.1
NZ_KB908455.1$~&Oceanimonas$~&smirnovii$~&ATCC$~&BAA-899$~&G364DRAFT_scaffold00002.2,$~&whole$~&genome$~&shotgun$~&sequence_fragment_3_233	VOG09810	2e-18	61.2
NZ_KB908469.1$~&Oceanimonas$~&smirnovii$~&ATCC$~&BAA-899$~&G364DRAFT_scaffold00016.16,$~&whole$~&genome$~&shotgun$~&sequence_fragment_1_8	VOG00171	7.7e-18	58.4
NZ_KB908456.1$~&Oceanimonas$~&smirnovii$~&ATCC$~&BAA-899$~&G364DRAFT_scaffold00003.3,$~&whole$~&genome$~&shotgun$~&sequence_fragment_2_90	VOG02771	1.6e-17	58.2
NZ_KB908456.1$~&Oceanimonas$~&smirnovii$~&ATCC$~&BAA-899$~&G364DRAFT_scaffold00003.3,$~&whole$~&genome$~&shotgun$~&sequence_fragment_2_92	VOG00672	4.4e-17	56.3
NZ_KB908455.1$~&Oceanimonas$~&smirnovii$~&ATCC$~&BAA-899$~&G364DRAFT_scaffold00002.2,$~&whole$~&genome$~&shotgun$~&sequence_fragment_3_240	VOG00605	4.4e-17	55.9
NZ_KB908455.1$~&Oceanimonas$~&smirnovii$~&ATCC$~&BAA-899$~&G364DRAFT_scaffold00002.2,$~&whole$~&genome$~&shotgun$~&sequence_fragment_1_79	VOG00758	1.1e-16	55.0
NZ_KB908455.1$~&Oceanimonas$~&smirnovii$~&ATCC$~&BAA-899$~&G364DRAFT_scaffold00002.2,$~&whole$~&genome$~&shotgun$~&sequence_fragment_3_229	VOG01099	4.1e-16	53.1
NZ_KB908455.1$~&Oceanimonas$~&smirnovii$~&ATCC$~&BAA-899$~&G364DRAFT_scaffold00002.2,$~&whole$~&genome$~&shotgun$~&sequence_fragment_3_224	VOG00149	7.8e-16	52.2
NZ_KB908456.1$~&Oceanimonas$~&smirnovii$~&ATCC$~&BAA-899$~&G364DRAFT_scaffold00003.3,$~&whole$~&genome$~&shotgun$~&sequence_fragment_2_118	VOG00134	1.3e-15	51.2
NZ_KB908457.1$~&Oceanimonas$~&smirnovii$~&ATCC$~&BAA-899$~&G364DRAFT_scaffold00004.4,$~&whole$~&genome$~&shotgun$~&sequence_fragment_1_18	VOG00533	1.5e-15	50.3
NZ_KB908455.1$~&Oceanimonas$~&smirnovii$~&ATCC$~&BAA-899$~&G364DRAFT_scaffold00002.2,$~&whole$~&genome$~&shotgun$~&sequence_fragment_3_242	VOG00232	2.4e-15	49.5
NZ_KB908470.1$~&Oceanimonas$~&smirnovii$~&ATCC$~&BAA-899$~&G364DRAFT_scaffold00017.17,$~&whole$~&genome$~&shotgun$~&sequence_fragment_1_77	VOG00340	8.7e-15	48.2
NZ_KB908469.1$~&Oceanimonas$~&smirnovii$~&ATCC$~&BAA-899$~&G364DRAFT_scaffold00016.16,$~&whole$~&genome$~&shotgun$~&sequence_fragment_1_20	VOG00041	1.5e-13	44.7
